{"conf_table": {"_type": "table-file", "sha256": "f143cae3cf60c9e105797d577240c101e1dcfaf5a4874c67a3fcff0963c5b1fd", "size": 184, "artifact_path": "wandb-client-artifact://o8sky5xdgr3g45i5zoqvlvv5gt1zuvao5235yidx768h2i2juoffwq17u6af579k3k8k0e5tqqd2cv0gbqduw849dqjoydvl2pw6wa45tq3znwl7tcar0o0eacbdfrds:latest/conf_table.table.json", "_latest_artifact_path": "wandb-client-artifact://o8sky5xdgr3g45i5zoqvlvv5gt1zuvao5235yidx768h2i2juoffwq17u6af579k3k8k0e5tqqd2cv0gbqduw849dqjoydvl2pw6wa45tq3znwl7tcar0o0eacbdfrds:latest/conf_table.table.json", "path": "media/table/conf_table_21_f143cae3cf60c9e10579.table.json", "ncols": 3, "nrows": 4}, "_timestamp": 1710264759.1323702, "_runtime": 15.074250221252441, "_step": 24, "examples": {"_type": "table-file", "sha256": "91f6e347e7ecd02507aaae308eae951941a1290f1e97d62b6d4de16dc22ad454", "size": 1253, "artifact_path": "wandb-client-artifact://5yqn3tl54fzon0upx4evwbfjc3m4tfsd1j8hq5chp6ciscrwlakosccnkwjh0hvlnnxf1r2flkn1f9mfoqzwdzfty5iexqbdcz9d621e7xd9jwtro82w3ao22wkjaexx:latest/examples.table.json", "_latest_artifact_path": "wandb-client-artifact://5yqn3tl54fzon0upx4evwbfjc3m4tfsd1j8hq5chp6ciscrwlakosccnkwjh0hvlnnxf1r2flkn1f9mfoqzwdzfty5iexqbdcz9d621e7xd9jwtro82w3ao22wkjaexx:latest/examples.table.json", "path": "media/table/examples_23_91f6e347e7ecd02507aa.table.json", "ncols": 3, "nrows": 20}, "global_step": 134, "train/loss_step": 0.6627005934715271, "train/acc_step": 0.65625, "epoch": 0, "trainer/global_step": 133, "valid/loss_step": 0.5438283681869507, "valid/loss_epoch": 0.6133469939231873, "valid/acc": 0.6912751793861389, "valid/precision_macro": 0.6912751793861389, "valid/recall_macro": 1.0, "valid/precision_micro": 0.6912751793861389, "valid/recall_micro": 1.0, "valid/f1": 0.8158162832260132, "train/loss_epoch": 0.6276969313621521, "train/acc_epoch": 0.6981639862060547, "_wandb": {"runtime": 13}}