{"conf_table": {"_type": "table-file", "sha256": "cb3cc2849e52ca9ef7ee24b779e1017f91bca6f1fad39d473608e11ef9979619", "size": 188, "artifact_path": "wandb-client-artifact://z1lszh7232auhjtue4gywcomf6x731zl8xh6zr8re4llnsq340y8up696agydipvkn7ux9dglocannxjquefdufa05pqrb0klzl8z4k201irjyzyctrb54mkyqmnoxk6:latest/conf_table.table.json", "_latest_artifact_path": "wandb-client-artifact://z1lszh7232auhjtue4gywcomf6x731zl8xh6zr8re4llnsq340y8up696agydipvkn7ux9dglocannxjquefdufa05pqrb0klzl8z4k201irjyzyctrb54mkyqmnoxk6:latest/conf_table.table.json", "path": "media/table/conf_table_167_cb3cc2849e52ca9ef7ee.table.json", "ncols": 3, "nrows": 4}, "_timestamp": 1710170617.0467143, "_runtime": 45.418304204940796, "_step": 170, "examples": {"_type": "table-file", "sha256": "c7da916944c515f2e634fec8081e8a615cb179e2e03f6e85bd07f0450d85ae6d", "size": 555, "artifact_path": "wandb-client-artifact://gug9tviv8y2y5f0hwajbc0esjysv13803uhlefei2tgshqxpvd1wmdagbmewlqxko0c30dr8rp9yqn0gffw6tw3plvk6e6oyht9h7u5eng24gw32xfs6sbcshp9odbq8:latest/examples.table.json", "_latest_artifact_path": "wandb-client-artifact://gug9tviv8y2y5f0hwajbc0esjysv13803uhlefei2tgshqxpvd1wmdagbmewlqxko0c30dr8rp9yqn0gffw6tw3plvk6e6oyht9h7u5eng24gw32xfs6sbcshp9odbq8:latest/examples.table.json", "path": "media/table/examples_169_c7da916944c515f2e634.table.json", "ncols": 3, "nrows": 9}, "global_step": 1072, "train/loss_step": 0.5546728372573853, "train/acc_step": 0.6875, "epoch": 3, "trainer/global_step": 1071, "valid/loss_step": 0.41107046604156494, "valid/loss_epoch": 0.6610808968544006, "valid/acc": 0.6836050152778625, "valid/precision_macro": 0.6935309171676636, "valid/recall_macro": 0.9667157530784607, "valid/precision_micro": 0.6935309171676636, "valid/recall_micro": 0.9667157530784607, "valid/f1": 0.804474949836731, "train/loss_epoch": 0.49188509583473206, "train/acc_epoch": 0.752894401550293, "_wandb": {"runtime": 44}}