{"conf_table": {"_type": "table-file", "sha256": "41fe6a2d506631273ab6ae53191186094a81c5048936ad92e48b5ae87ec20680", "size": 185, "artifact_path": "wandb-client-artifact://m881xtmsfvptpn63hqb6vce9medzccuk3s6lj3i1lprp3h924qrwbjk2r2de8o49u95g8vciu7ta7v4p0k59s1vno8xugzjs5hmw7tfzbag5zxteosr57kglnvlt0g5t:latest/conf_table.table.json", "_latest_artifact_path": "wandb-client-artifact://m881xtmsfvptpn63hqb6vce9medzccuk3s6lj3i1lprp3h924qrwbjk2r2de8o49u95g8vciu7ta7v4p0k59s1vno8xugzjs5hmw7tfzbag5zxteosr57kglnvlt0g5t:latest/conf_table.table.json", "path": "media/table/conf_table_287_41fe6a2d506631273ab6.table.json", "ncols": 3, "nrows": 4}, "_timestamp": 1710166020.1936245, "_runtime": 81.18634939193726, "_step": 289, "train/loss_step": 0.5675843954086304, "train/acc_step": 0.75, "epoch": 6, "trainer/global_step": 1875, "valid/loss_step": 0.4885062575340271, "valid/loss_epoch": 0.6183984279632568, "valid/acc": 0.6912751793861389, "valid/precision_macro": 0.6912751793861389, "valid/recall_macro": 1.0, "valid/precision_micro": 0.6912751793861389, "valid/recall_micro": 1.0, "valid/f1": 0.8138964772224426, "train/loss_epoch": 0.6079859733581543, "train/acc_epoch": 0.7043620347976685, "_wandb": {"runtime": 79}}