{"conf_table": {"_type": "table-file", "sha256": "d663b4945048fe77b8135223f99bc3d59dd05ab6d28195ea689f368311ac8e71", "size": 188, "artifact_path": "wandb-client-artifact://c8i490wckgdvyy4uel7qds8izjej53e3d4zs1v6923byjj7s87u3a6yp2rul10d72j5vqq6fy4meyj4q4kcf94jc7qs5kupzq8wyyh0czk8hhvyon3kywzv288y5q7s8:latest/conf_table.table.json", "_latest_artifact_path": "wandb-client-artifact://c8i490wckgdvyy4uel7qds8izjej53e3d4zs1v6923byjj7s87u3a6yp2rul10d72j5vqq6fy4meyj4q4kcf94jc7qs5kupzq8wyyh0czk8hhvyon3kywzv288y5q7s8:latest/conf_table.table.json", "path": "media/table/conf_table_163_d663b4945048fe77b813.table.json", "ncols": 3, "nrows": 4}, "_timestamp": 1710166176.6078746, "_runtime": 45.535746574401855, "_step": 165, "train/loss_step": 0.5556879043579102, "train/acc_step": 0.71875, "epoch": 3, "trainer/global_step": 1071, "valid/loss_step": 0.6752327680587769, "valid/loss_epoch": 0.6824067831039429, "valid/acc": 0.6049855947494507, "valid/precision_macro": 0.6967897415161133, "valid/recall_macro": 0.7416455149650574, "valid/precision_micro": 0.6967897415161133, "valid/recall_micro": 0.7416455149650574, "valid/f1": 0.7127469778060913, "train/loss_epoch": 0.5351890325546265, "train/acc_epoch": 0.7200327515602112, "_wandb": {"runtime": 44}}