{"train/loss_step": 0.6649694442749023, "train/acc_step": 0.6875, "epoch": 0, "trainer/global_step": 267, "_timestamp": 1710164473.3803835, "_runtime": 13.576920509338379, "_step": 38, "valid/loss_step": 0.5549582839012146, "valid/loss_epoch": 0.6290522217750549, "valid/acc": 0.6912751793861389, "valid/precision_macro": 0.6912751793861389, "valid/recall_macro": 1.0, "valid/precision_micro": 0.6912751793861389, "valid/recall_micro": 1.0, "valid/f1": 0.8138964772224426, "_wandb": {"runtime": 11}}