{"train/loss_step": 0.6976348161697388, "train/acc_step": 0.59375, "epoch": 4, "trainer/global_step": 1339, "_timestamp": 1710164715.4003663, "_runtime": 53.97159028053284, "_step": 200, "valid/loss_step": 0.49038073420524597, "valid/loss_epoch": 0.618262529373169, "valid/acc": 0.6912751793861389, "valid/precision_macro": 0.6912751793861389, "valid/recall_macro": 1.0, "valid/precision_micro": 0.6912751793861389, "valid/recall_micro": 1.0, "valid/f1": 0.8138964772224426, "train/loss_epoch": 0.6088588833808899, "train/acc_epoch": 0.7043620347976685, "_wandb": {"runtime": 52}}